betId,marketId,matchName,playerName,side,odds,stake,liability,action,reason,placedAt,settledAt,pnl,dryRun
DRY-1774133730919-9756,,Gianluca Cadenasso v Lautaro Midon,Gianluca Cadenasso,BACK,1.96,2,2,BET_PLACED,"Strategy 2: set 1 complete 4-6 (fav @ 1.96 pre-match), back playerA @ 1.96",2026-03-21T22:55:30.919Z,,,true
DRY-1774133735926-3831,,Gianluca Cadenasso v Lautaro Midon,Gianluca Cadenasso,BACK,1.96,2,2,BET_PLACED,"Strategy 4: set 1 complete 4-6 (fav @ 1.96 pre-match), back playerA @ 1.96",2026-03-21T22:55:35.926Z,,,true
DRY-1774204864462-7189,,Iva Jovic v Talia Gibson,Iva Jovic,BACK,2.6,2,2,BET_PLACED,"Strategy 2: set 1 complete 2-6 (fav @ 2.60 pre-match), back playerA @ 2.6",2026-03-22T18:41:04.462Z,,,true
DRY-1774204869468-2992,,Iva Jovic v Talia Gibson,Iva Jovic,BACK,2.6,2,2,BET_PLACED,"Strategy 4: set 1 complete 2-6 (fav @ 2.60 pre-match), back playerA @ 2.6",2026-03-22T18:41:09.468Z,,,true
DRY-1774205174855-2159,,Iva Jovic v Talia Gibson,Iva Jovic,BACK,4.2,2,2,BET_PLACED,"Strategy 5: set 1 complete 2-6 (fav @ 2.60 pre-match), back playerA @ 4.2",2026-03-22T18:46:14.855Z,,,true
DRY-1774208915301-3010,,Carlos Alcaraz v Sebastian Korda,Carlos Alcaraz,BACK,1.64,2,2,BET_PLACED,"Strategy 2: set 1 complete 3-6 (fav @ 1.11 pre-match), back playerA @ 1.64",2026-03-22T19:48:35.302Z,,,true
DRY-1774208920301-7285,,Carlos Alcaraz v Sebastian Korda,Carlos Alcaraz,BACK,1.64,2,2,BET_PLACED,"Strategy 4: set 1 complete 3-6 (fav @ 1.11 pre-match), back playerA @ 1.64",2026-03-22T19:48:40.301Z,,,true
DRY-1774209696414-1425,,Carlos Alcaraz v Sebastian Korda,Carlos Alcaraz,BACK,2.72,2,2,BET_PLACED,"Strategy 5: set 1 complete 3-6 (fav @ 1.11 pre-match), back playerA @ 2.72",2026-03-22T20:01:36.414Z,,,true
DRY-1774212835696-9477,,Tommy Paul v Raphael Collignon,Raphael Collignon,BACK,3,2,2,BET_PLACED,"Strategy 2: set 1 complete 6-2 (fav @ 3.40 pre-match), back playerB @ 3",2026-03-22T20:53:55.696Z,,,true
DRY-1774212840711-8900,,Tommy Paul v Raphael Collignon,Raphael Collignon,BACK,3,2,2,BET_PLACED,"Strategy 4: set 1 complete 6-2 (fav @ 3.40 pre-match), back playerB @ 3",2026-03-22T20:54:00.711Z,,,true
DRY-1774213316429-4555,,Tommy Paul v Raphael Collignon,Raphael Collignon,BACK,5.3,2,2,BET_PLACED,"Strategy 5: set 1 complete 6-2 (fav @ 3.40 pre-match), back playerB @ 5.3",2026-03-22T21:01:56.429Z,,,true
DRY-1774216540878-2810,,Qinwen Zheng v Madison Keys,Qinwen Zheng,BACK,3,2,2,BET_PLACED,"Strategy 2: set 1 complete 4-6 (fav @ 2.26 pre-match), back playerA @ 3",2026-03-22T21:55:40.878Z,,,true
DRY-1774216545885-5332,,Qinwen Zheng v Madison Keys,Qinwen Zheng,BACK,3,2,2,BET_PLACED,"Strategy 4: set 1 complete 4-6 (fav @ 2.26 pre-match), back playerA @ 3",2026-03-22T21:55:45.885Z,,,true
DRY-1774216550894-8331,,Qinwen Zheng v Madison Keys,Qinwen Zheng,BACK,3,2,2,BET_PLACED,"Strategy 5: set 1 complete 4-6 (fav @ 2.26 pre-match), back playerA @ 3",2026-03-22T21:55:50.894Z,,,true
DRY-1774262468715-1335,,Eero Vasa v Oleksii Krutykh,Eero Vasa,BACK,2,2,2,BET_PLACED,"Strategy 2: set 1 complete 3-6 (fav @ 2.54 pre-match), back playerA @ 2",2026-03-23T10:41:08.715Z,,,true
DRY-1774262473719-4080,,Eero Vasa v Oleksii Krutykh,Eero Vasa,BACK,2,2,2,BET_PLACED,"Strategy 4: set 1 complete 3-6 (fav @ 2.54 pre-match), back playerA @ 2",2026-03-23T10:41:13.719Z,,,true
DRY-1774263079586-152,,Eero Vasa v Oleksii Krutykh,Eero Vasa,BACK,2,2,2,BET_PLACED,"Strategy 2: set 1 complete 3-6 (fav @ 2.54 pre-match), back playerA @ 2",2026-03-23T10:51:19.586Z,,,true
DRY-1774263084596-2437,,Eero Vasa v Oleksii Krutykh,Eero Vasa,BACK,2,2,2,BET_PLACED,"Strategy 4: set 1 complete 3-6 (fav @ 2.54 pre-match), back playerA @ 2",2026-03-23T10:51:24.596Z,,,true
DRY-1774264799439,mkt1,A v B,Player A,BACK,2.2,2,2,BET_PLACED,test,2026-03-23T11:19:59.439Z,,,true,2.4,-2
DRY-1774278266588-6505,,Leyre Romero Gormaz v Lina Gjorcheska,Lina Gjorcheska,BACK,4.8,2,2,BET_PLACED,"Strategy 5: set 1 complete 6-3 (fav @ 2.22 pre-match), back playerB @ 4.8",2026-03-23T15:04:26.589Z,,,true,7.6,-2
DRY-1774283549464-5818,,Francisco Cerundolo v Daniil Medvedev,Daniil Medvedev,BACK,2.54,2,2,BET_PLACED,"Strategy 2: set 1 complete 6-0 (fav @ 1.44 pre-match), back playerB @ 2.54",2026-03-23T16:32:29.464Z,,,true,3.08,-2
DRY-1774283554468-825,,Francisco Cerundolo v Daniil Medvedev,Daniil Medvedev,BACK,2.54,2,2,BET_PLACED,"Strategy 4: set 1 complete 6-0 (fav @ 1.44 pre-match), back playerB @ 2.54",2026-03-23T16:32:34.468Z,,,true,3.08,-2
DRY-1774283559483-37,,Francisco Cerundolo v Daniil Medvedev,Daniil Medvedev,BACK,2.54,2,2,BET_PLACED,"Strategy 5: set 1 complete 6-0 (fav @ 1.44 pre-match), back playerB @ 2.54",2026-03-23T16:32:39.483Z,,,true,3.08,-2
DRY-1774285567112-4465,,Felix Auger-Aliassime v Terence Atmane,Felix Auger-Aliassime,BACK,2.12,2,2,BET_PLACED,"Strategy 2: set 1 complete 3-6 (fav @ 1.27 pre-match), back playerA @ 2.12",2026-03-23T17:06:07.112Z,,,true,2.24,-2
DRY-1774285572125-6928,,Felix Auger-Aliassime v Terence Atmane,Felix Auger-Aliassime,BACK,2.12,2,2,BET_PLACED,"Strategy 4: set 1 complete 3-6 (fav @ 1.27 pre-match), back playerA @ 2.12",2026-03-23T17:06:12.125Z,,,true,2.24,-2
DRY-1774285582151-9111,,Felix Auger-Aliassime v Terence Atmane,Felix Auger-Aliassime,BACK,2.12,2,2,BET_PLACED,"Strategy 5: set 1 complete 3-6 (fav @ 1.27 pre-match), back playerA @ 2.12",2026-03-23T17:06:22.151Z,,,true,2.24,-2
DRY-1774288576310-6897,,Mirra Andreeva v Victoria Mboko,Mirra Andreeva,BACK,2.16,2,2,BET_PLACED,"Strategy 2: set 1 complete 6-7 (fav @ 2.18 pre-match), back playerA @ 2.16",2026-03-23T17:56:16.310Z,,,true,2.32,-2
DRY-1774288581323-8093,,Mirra Andreeva v Victoria Mboko,Mirra Andreeva,BACK,2.16,2,2,BET_PLACED,"Strategy 4: set 1 complete 6-7 (fav @ 2.18 pre-match), back playerA @ 2.16",2026-03-23T17:56:21.323Z,,,true,2.32,-2
DRY-1774289727730-8984,,Francisco Cerundolo v Daniil Medvedev,Daniil Medvedev,BACK,3.05,2,2,BET_PLACED,"Strategy 5: set 1 complete 6-0 (fav @ 1.44 pre-match), back playerB @ 3.05",2026-03-23T18:15:27.731Z,,,true,4.1,-2
DRY-1774289728429-5549,,Felix Auger-Aliassime v Terence Atmane,Felix Auger-Aliassime,BACK,1.84,2,2,BET_PLACED,"Strategy 2: set 1 complete 3-6 (fav @ 1.27 pre-match), back playerA @ 1.84",2026-03-23T18:15:28.429Z,,,true,1.68,-2
DRY-1774289732735-9199,,Felix Auger-Aliassime v Terence Atmane,Felix Auger-Aliassime,BACK,1.84,2,2,BET_PLACED,"Strategy 4: set 1 complete 3-6 (fav @ 1.27 pre-match), back playerA @ 1.84",2026-03-23T18:15:32.735Z,,,true,1.68,-2
DRY-1774294306307-1479,1.255650230,Sorana Cirstea  v Coco Gauff,Sorana Cirstea,BACK,4.4,2,2,BET_PLACED,"Strategy 5: set 1 complete 4-6 (fav @ 2.16 pre-match), back playerA @ 4.4",2026-03-23T19:31:46.307Z,,,true,6.8,-2
DRY-1774295097582-7703,1.255650444,Frances Tiafoe v Jakub Mensik,Jakub Mensik,BACK,1.96,2,2,BET_PLACED,"Strategy 2: set 1 complete 7-6 (fav @ 1.57 pre-match), back playerB @ 1.96",2026-03-23T19:44:57.582Z,,,true,1.92,-2
DRY-1774294306307-1479,1.255650230,Sorana Cirstea  v Coco Gauff,Sorana Cirstea,BACK,4.4,2,2,TRADE_OUT,Set 2 result hedge,2026-03-23T19:31:46.307Z,2026-03-23T20:08:54.487Z,2.27,true,6.8,-2
DRY-1774296539491-5327,1.255650230,Sorana Cirstea  v Coco Gauff,Sorana Cirstea,BACK,2.06,2,2,BET_PLACED,"Strategy 2: set 1 complete 4-6 (fav @ 2.16 pre-match), back playerA @ 2.06",2026-03-23T20:08:59.491Z,,,true,2.12,-2
DRY-1774296985144-1747,1.255692293,Hailey Baptiste v Jelena Ostapenko,Jelena Ostapenko,BACK,4,2,2,BET_PLACED,"Strategy 5: set 1 complete 6-3 (fav @ 1.93 pre-match), back playerB @ 4",2026-03-23T20:16:25.145Z,,,true,6,-2
DRY-1774295097582-7703,1.255650444,Frances Tiafoe v Jakub Mensik,Jakub Mensik,BACK,1.96,2,2,TRADE_OUT,Set 2 result hedge,2026-03-23T19:44:57.582Z,2026-03-23T20:29:31.304Z,0,true,1.92,-2
DRY-1774297776308-6417,1.255650444,Frances Tiafoe v Jakub Mensik,Jakub Mensik,BACK,1.96,2,2,BET_PLACED,"Strategy 4: set 1 complete 7-6 (fav @ 1.57 pre-match), back playerB @ 1.96",2026-03-23T20:29:36.308Z,,,true,1.92,-2
DRY-1774297776308-6417,1.255650444,Frances Tiafoe v Jakub Mensik,Jakub Mensik,BACK,1.96,2,2,TRADE_OUT,Set 2 result hedge,2026-03-23T20:29:36.308Z,2026-03-23T20:29:41.314Z,0,true,1.92,-2
DRY-1774296539491-5327,1.255650230,Sorana Cirstea  v Coco Gauff,Sorana Cirstea,BACK,2.06,2,2,DRY_LOSS,Match finished — lost,2026-03-23T20:08:59.491Z,2026-03-23T20:48:43.034Z,-2,true,2.12,-2
DRY-1774296985144-1747,1.255692293,Hailey Baptiste v Jelena Ostapenko,Jelena Ostapenko,BACK,4,2,2,DRY_LOSS,Match finished — lost,2026-03-23T20:16:25.145Z,2026-03-23T20:48:43.035Z,-2,true,6,-2
DRY-1774299649226-4690,1.255692293,Hailey Baptiste v Jelena Ostapenko,Jelena Ostapenko,BACK,1.9,2,2,BET_PLACED,"Strategy 2: set 1 complete 6-3 (fav @ 1.93 pre-match), back playerB @ 1.9",2026-03-23T21:00:49.226Z,,,true,1.8,-2
DRY-1774299649226-4690,1.255692293,Hailey Baptiste v Jelena Ostapenko,Jelena Ostapenko,BACK,1.9,2,2,DRY_LOSS,Match finished — lost,2026-03-23T21:00:49.226Z,2026-03-23T21:00:54.239Z,-2,true,1.8,-2
DRY-1774299659245-8354,1.255692293,Hailey Baptiste v Jelena Ostapenko,Jelena Ostapenko,BACK,1.9,2,2,BET_PLACED,"Strategy 4: set 1 complete 6-3 (fav @ 1.93 pre-match), back playerB @ 1.9",2026-03-23T21:00:59.245Z,,,true,1.8,-2
DRY-1774299659245-8354,1.255692293,Hailey Baptiste v Jelena Ostapenko,Jelena Ostapenko,BACK,1.9,2,2,DRY_LOSS,Match finished — lost,2026-03-23T21:00:59.245Z,2026-03-23T21:01:04.248Z,-2,true,1.8,-2


DRY-1774133730919-9756,,Gianluca Cadenasso v Lautaro Midon,Gianluca Cadenasso,BACK,1.96,2,2,DRY_WIN,Manually settled - match finished,2026-03-21T22:55:30.919Z,2026-03-23T21:30:27.237Z,1.92,true,,
DRY-1774133735926-3831,,Gianluca Cadenasso v Lautaro Midon,Gianluca Cadenasso,BACK,1.96,2,2,DRY_WIN,Manually settled - match finished,2026-03-21T22:55:35.926Z,2026-03-23T21:30:27.238Z,1.92,true,,
DRY-1774204864462-7189,,Iva Jovic v Talia Gibson,Iva Jovic,BACK,2.6,2,2,DRY_LOSS,Manually settled - match finished,2026-03-22T18:41:04.462Z,2026-03-23T21:30:27.238Z,-2,true,,
DRY-1774204869468-2992,,Iva Jovic v Talia Gibson,Iva Jovic,BACK,2.6,2,2,DRY_LOSS,Manually settled - match finished,2026-03-22T18:41:09.468Z,2026-03-23T21:30:27.238Z,-2,true,,
DRY-1774205174855-2159,,Iva Jovic v Talia Gibson,Iva Jovic,BACK,4.2,2,2,DRY_LOSS,Manually settled - match finished,2026-03-22T18:46:14.855Z,2026-03-23T21:30:27.238Z,-2,true,,
DRY-1774208915301-3010,,Carlos Alcaraz v Sebastian Korda,Carlos Alcaraz,BACK,1.64,2,2,DRY_LOSS,Manually settled - match finished,2026-03-22T19:48:35.302Z,2026-03-23T21:30:27.238Z,-2,true,,
DRY-1774208920301-7285,,Carlos Alcaraz v Sebastian Korda,Carlos Alcaraz,BACK,1.64,2,2,DRY_LOSS,Manually settled - match finished,2026-03-22T19:48:40.301Z,2026-03-23T21:30:27.238Z,-2,true,,
DRY-1774209696414-1425,,Carlos Alcaraz v Sebastian Korda,Carlos Alcaraz,BACK,2.72,2,2,DRY_LOSS,Manually settled - match finished,2026-03-22T20:01:36.414Z,2026-03-23T21:30:27.238Z,-2,true,,
DRY-1774212835696-9477,,Tommy Paul v Raphael Collignon,Raphael Collignon,BACK,3,2,2,DRY_LOSS,Manually settled - match finished,2026-03-22T20:53:55.696Z,2026-03-23T21:30:27.238Z,-2,true,,
DRY-1774212840711-8900,,Tommy Paul v Raphael Collignon,Raphael Collignon,BACK,3,2,2,DRY_LOSS,Manually settled - match finished,2026-03-22T20:54:00.711Z,2026-03-23T21:30:27.238Z,-2,true,,
DRY-1774213316429-4555,,Tommy Paul v Raphael Collignon,Raphael Collignon,BACK,5.3,2,2,DRY_LOSS,Manually settled - match finished,2026-03-22T21:01:56.429Z,2026-03-23T21:30:27.238Z,-2,true,,
DRY-1774216540878-2810,,Qinwen Zheng v Madison Keys,Qinwen Zheng,BACK,3,2,2,DRY_WIN,Manually settled - match finished,2026-03-22T21:55:40.878Z,2026-03-23T21:30:27.238Z,4,true,,
DRY-1774216545885-5332,,Qinwen Zheng v Madison Keys,Qinwen Zheng,BACK,3,2,2,DRY_WIN,Manually settled - match finished,2026-03-22T21:55:45.885Z,2026-03-23T21:30:27.238Z,4,true,,
DRY-1774216550894-8331,,Qinwen Zheng v Madison Keys,Qinwen Zheng,BACK,3,2,2,DRY_WIN,Manually settled - match finished,2026-03-22T21:55:50.894Z,2026-03-23T21:30:27.238Z,4,true,,
DRY-1774262468715-1335,,Eero Vasa v Oleksii Krutykh,Eero Vasa,BACK,2,2,2,DRY_LOSS,Manually settled - match finished,2026-03-23T10:41:08.715Z,2026-03-23T21:30:27.238Z,-2,true,,
DRY-1774262473719-4080,,Eero Vasa v Oleksii Krutykh,Eero Vasa,BACK,2,2,2,DRY_LOSS,Manually settled - match finished,2026-03-23T10:41:13.719Z,2026-03-23T21:30:27.238Z,-2,true,,
DRY-1774263079586-152,,Eero Vasa v Oleksii Krutykh,Eero Vasa,BACK,2,2,2,DRY_LOSS,Manually settled - match finished,2026-03-23T10:51:19.586Z,2026-03-23T21:30:27.238Z,-2,true,,
DRY-1774263084596-2437,,Eero Vasa v Oleksii Krutykh,Eero Vasa,BACK,2,2,2,DRY_LOSS,Manually settled - match finished,2026-03-23T10:51:24.596Z,2026-03-23T21:30:27.238Z,-2,true,,
DRY-1774278266588-6505,,Leyre Romero Gormaz v Lina Gjorcheska,Lina Gjorcheska,BACK,4.8,2,2,DRY_LOSS,Manually settled - match finished,2026-03-23T15:04:26.589Z,2026-03-23T21:30:27.238Z,-2,true,,
DRY-1774283549464-5818,,Francisco Cerundolo v Daniil Medvedev,Daniil Medvedev,BACK,2.54,2,2,DRY_LOSS,Manually settled - match finished,2026-03-23T16:32:29.464Z,2026-03-23T21:30:27.238Z,-2,true,,
DRY-1774283554468-825,,Francisco Cerundolo v Daniil Medvedev,Daniil Medvedev,BACK,2.54,2,2,DRY_LOSS,Manually settled - match finished,2026-03-23T16:32:34.468Z,2026-03-23T21:30:27.238Z,-2,true,,
DRY-1774283559483-37,,Francisco Cerundolo v Daniil Medvedev,Daniil Medvedev,BACK,2.54,2,2,DRY_LOSS,Manually settled - match finished,2026-03-23T16:32:39.483Z,2026-03-23T21:30:27.238Z,-2,true,,
DRY-1774285567112-4465,,Felix Auger-Aliassime v Terence Atmane,Felix Auger-Aliassime,BACK,2.12,2,2,DRY_LOSS,Manually settled - match finished,2026-03-23T17:06:07.112Z,2026-03-23T21:30:27.238Z,-2,true,,
DRY-1774285572125-6928,,Felix Auger-Aliassime v Terence Atmane,Felix Auger-Aliassime,BACK,2.12,2,2,DRY_LOSS,Manually settled - match finished,2026-03-23T17:06:12.125Z,2026-03-23T21:30:27.238Z,-2,true,,
DRY-1774285582151-9111,,Felix Auger-Aliassime v Terence Atmane,Felix Auger-Aliassime,BACK,2.12,2,2,DRY_LOSS,Manually settled - match finished,2026-03-23T17:06:22.151Z,2026-03-23T21:30:27.238Z,-2,true,,
DRY-1774288576310-6897,,Mirra Andreeva v Victoria Mboko,Mirra Andreeva,BACK,2.16,2,2,DRY_LOSS,Manually settled - match finished,2026-03-23T17:56:16.310Z,2026-03-23T21:30:27.238Z,-2,true,,
DRY-1774288581323-8093,,Mirra Andreeva v Victoria Mboko,Mirra Andreeva,BACK,2.16,2,2,DRY_LOSS,Manually settled - match finished,2026-03-23T17:56:21.323Z,2026-03-23T21:30:27.238Z,-2,true,,
DRY-1774289727730-8984,,Francisco Cerundolo v Daniil Medvedev,Daniil Medvedev,BACK,3.05,2,2,DRY_LOSS,Manually settled - match finished,2026-03-23T18:15:27.731Z,2026-03-23T21:30:27.239Z,-2,true,,
DRY-1774289728429-5549,,Felix Auger-Aliassime v Terence Atmane,Felix Auger-Aliassime,BACK,1.84,2,2,DRY_LOSS,Manually settled - match finished,2026-03-23T18:15:28.429Z,2026-03-23T21:30:27.239Z,-2,true,,
DRY-1774289732735-9199,,Felix Auger-Aliassime v Terence Atmane,Felix Auger-Aliassime,BACK,1.84,2,2,DRY_LOSS,Manually settled - match finished,2026-03-23T18:15:32.735Z,2026-03-23T21:30:27.239Z,-2,true,,DRY-1774301537194-9246,1.255650444,Frances Tiafoe v Jakub Mensik,Jakub Mensik,BACK,1.71,2,2,BET_PLACED,"Strategy 2: set 1 complete 7-6 (fav @ 1.57 pre-match), back playerB @ 1.71",2026-03-23T21:32:17.194Z,,,true,1.42,-2
DRY-1774525679972-6418,1.255771009,Polona Hercog v Tamara Korpatsch,Tamara Korpatsch,BACK,4.9,2,2,BET_PLACED,"Strategy 5: set 1 complete 6-2 (fav @ 8.40 pre-match), back playerB @ 4.9",2026-03-26T11:47:59.972Z,,,true,7.8,-2
DRY-1774525679972-6418,1.255771009,Polona Hercog v Tamara Korpatsch,Tamara Korpatsch,BACK,4.9,2,2,TRADE_OUT,Set 2 result hedge,2026-03-26T11:47:59.972Z,2026-03-26T11:58:10.859Z,3.41,true,7.8,-2
DRY-1774526295867-1582,1.255771009,Polona Hercog v Tamara Korpatsch,Tamara Korpatsch,BACK,1.81,2,2,BET_PLACED,"Strategy 2: set 1 complete 6-2 (fav @ 8.40 pre-match), back playerB @ 1.81",2026-03-26T11:58:15.867Z,,,true,1.62,-2
DRY-1774526766412-6349,1.255775838,Teodora Kostovic v Alina Charaeva,Alina Charaeva,BACK,3.3,2,2,BET_PLACED,"Strategy 5: set 1 complete 6-3 (fav @ 4.90 pre-match), back playerB @ 3.3",2026-03-26T12:06:06.412Z,,,true,4.6,-2
DRY-1774549382076-7795,1.255792230,Frances Tiafoe v Jannik Sinner,Frances Tiafoe,BACK,2.08,2,2,BET_PLACED,"Strategy 2: set 1 complete 2-6 (fav @ 16.00 pre-match), back playerA @ 2.08",2026-03-26T18:23:02.076Z,,,true,2.16,-2
DRY-1774549382076-7795,1.255792230,Frances Tiafoe v Jannik Sinner,Frances Tiafoe,BACK,2.08,2,2,DRY_LOSS,Match finished — lost,2026-03-26T18:23:02.076Z,2026-03-26T18:23:07.089Z,-2,true,2.16,-2
DRY-1774549392099-7368,1.255792230,Frances Tiafoe v Jannik Sinner,Frances Tiafoe,BACK,2.08,2,2,BET_PLACED,"Strategy 4: set 1 complete 2-6 (fav @ 16.00 pre-match), back playerA @ 2.08",2026-03-26T18:23:12.099Z,,,true,2.16,-2
DRY-1774549392099-7368,1.255792230,Frances Tiafoe v Jannik Sinner,Frances Tiafoe,BACK,2.08,2,2,DRY_LOSS,Match finished — lost,2026-03-26T18:23:12.099Z,2026-03-26T18:23:17.103Z,-2,true,2.16,-2
DRY-1774549402116-2105,1.255792230,Frances Tiafoe v Jannik Sinner,Frances Tiafoe,BACK,2.08,2,2,BET_PLACED,"Strategy 5: set 1 complete 2-6 (fav @ 16.00 pre-match), back playerA @ 2.08",2026-03-26T18:23:22.116Z,,,true,2.16,-2
DRY-1774549402116-2105,1.255792230,Frances Tiafoe v Jannik Sinner,Frances Tiafoe,BACK,2.08,2,2,DRY_LOSS,Match finished — lost,2026-03-26T18:23:22.116Z,2026-03-26T18:23:27.126Z,-2,true,2.16,-2
DRY-1774549677558-7852,1.255792230,Frances Tiafoe v Jannik Sinner,Frances Tiafoe,BACK,2.08,2,2,BET_PLACED,"Strategy 2: set 1 complete 2-6 (fav @ 16.00 pre-match), back playerA @ 2.08",2026-03-26T18:27:57.558Z,,,true,2.16,-2
DRY-1774549677558-7852,1.255792230,Frances Tiafoe v Jannik Sinner,Frances Tiafoe,BACK,2.08,2,2,DRY_LOSS,Match finished — lost,2026-03-26T18:27:57.558Z,2026-03-26T18:28:02.570Z,-2,true,2.16,-2
DRY-1774549687577-1479,1.255792230,Frances Tiafoe v Jannik Sinner,Frances Tiafoe,BACK,2.08,2,2,BET_PLACED,"Strategy 4: set 1 complete 2-6 (fav @ 16.00 pre-match), back playerA @ 2.08",2026-03-26T18:28:07.577Z,,,true,2.16,-2
DRY-1774549687577-1479,1.255792230,Frances Tiafoe v Jannik Sinner,Frances Tiafoe,BACK,2.08,2,2,DRY_LOSS,Match finished — lost,2026-03-26T18:28:07.577Z,2026-03-26T18:28:12.582Z,-2,true,2.16,-2
DRY-1774549697595-1844,1.255792230,Frances Tiafoe v Jannik Sinner,Frances Tiafoe,BACK,2.08,2,2,BET_PLACED,"Strategy 5: set 1 complete 2-6 (fav @ 16.00 pre-match), back playerA @ 2.08",2026-03-26T18:28:17.595Z,,,true,2.16,-2
DRY-1774549697595-1844,1.255792230,Frances Tiafoe v Jannik Sinner,Frances Tiafoe,BACK,2.08,2,2,DRY_LOSS,Match finished — lost,2026-03-26T18:28:17.595Z,2026-03-26T18:28:22.609Z,-2,true,2.16,-2
DRY-1774554565445-2756,1.255793527,Coco Gauff v Karolina Muchova,Coco Gauff,LAY,1.24,2,0.48,BET_PLACED,"Strategy 1: set 1 complete 6-1 (fav @ 1.87 pre-match), back playerA @ 1.24",2026-03-26T19:49:25.445Z,,,true,2,-0.48
DRY-1774554565445-2756,1.255793527,Coco Gauff v Karolina Muchova,Coco Gauff,LAY,1.24,2,0.48,DRY_LOSS,Match finished — lost,2026-03-26T19:49:25.445Z,2026-03-26T20:13:37.632Z,-0.48,true,2,-0.48
DRY-1774608371022-4934,1.255809114,Vitaliy Sachko v Federico Cina,Federico Cina,BACK,3.2,2,2,BET_PLACED,"Strategy 5: set 1 complete 6-2 (fav @ 1.51 pre-match), back playerB @ 3.2",2026-03-27T10:46:11.022Z,,,true,4.4,-2
DRY-1774608371022-4934,1.255809114,Vitaliy Sachko v Federico Cina,Federico Cina,BACK,3.2,2,2,TRADE_OUT,Set 2 result hedge,2026-03-27T10:46:11.022Z,2026-03-27T11:42:20.837Z,1.68,true,4.4,-2
DRY-1774611745846-9899,1.255809114,Vitaliy Sachko v Federico Cina,Federico Cina,BACK,1.74,2,2,BET_PLACED,"Strategy 2: set 1 complete 6-2 (fav @ 1.51 pre-match), back playerB @ 1.74",2026-03-27T11:42:25.846Z,,,true,1.48,-2
DRY-1774611745846-9899,1.255809114,Vitaliy Sachko v Federico Cina,Federico Cina,BACK,1.74,2,2,DRY_LOSS,Match finished — lost,2026-03-27T11:42:25.846Z,2026-03-27T12:09:33.267Z,-2,true,1.48,-2
DRY-1774614610140-8494,1.255813183,Michele Ribecai v Federico Bondioli,Michele Ribecai,BACK,3.85,2,2,BET_PLACED,"Strategy 5: set 1 complete 3-6 (fav @ 1.39 pre-match), back playerA @ 3.85",2026-03-27T12:30:10.140Z,,,true,5.7,-2
DRY-1774617309091-7527,1.255868667,Pedro Martinez v Pablo Carreno Busta,Pedro Martinez,BACK,3.9,2,2,BET_PLACED,"Strategy 5: set 1 complete 4-6 (fav @ 1.62 pre-match), back playerA @ 3.9",2026-03-27T13:15:09.091Z,,,true,5.8,-2
DRY-1774526766412-6349,1.255775838,Teodora Kostovic v Alina Charaeva,Alina Charaeva,BACK,3.3,2,2,TRADE_OUT,Set 2 result hedge,2026-03-26T12:06:06.412Z,2026-03-27T13:59:12.530Z,0.7,true,4.6,-2
DRY-1774620007596-9078,1.255775838,Teodora Kostovic v Alina Charaeva,Alina Charaeva,BACK,2.04,2,2,BET_PLACED,"Strategy 5: set 1 complete 6-3 (fav @ 2.92 pre-match), back playerB @ 2.04",2026-03-27T14:00:07.596Z,,,true,2.08,-2
DRY-1774617309091-7527,1.255868667,Pedro Martinez v Pablo Carreno Busta,Pedro Martinez,BACK,3.9,2,2,TRADE_OUT,Set 2 result hedge,2026-03-27T13:15:09.091Z,2026-03-27T14:20:19.217Z,1.9,true,5.8,-2
DRY-1774621224221-6787,1.255868667,Pedro Martinez v Pablo Carreno Busta,Pedro Martinez,BACK,2,2,2,BET_PLACED,"Strategy 2: set 1 complete 4-6 (fav @ 1.62 pre-match), back playerA @ 2",2026-03-27T14:20:24.221Z,,,true,2,-2
DRY-1774614610140-8494,1.255813183,Michele Ribecai v Federico Bondioli,Michele Ribecai,BACK,3.85,2,2,DRY_LOSS,Match finished — lost,2026-03-27T12:30:10.140Z,2026-03-27T14:45:21.335Z,-2,true,5.7,-2
DRY-1774526295867-1582,1.255771009,Polona Hercog v Tamara Korpatsch,Tamara Korpatsch,BACK,1.81,2,2,DRY_LOSS,Match finished — lost,2026-03-26T11:58:15.867Z,2026-03-27T14:47:26.583Z,-2,true,1.62,-2
DRY-1774620007596-9078,1.255775838,Teodora Kostovic v Alina Charaeva,Alina Charaeva,BACK,2.04,2,2,DRY_WIN,Match finished — won,2026-03-27T14:00:07.596Z,2026-03-27T14:55:27.250Z,2.08,true,2.08,-2
DRY-1774621224221-6787,1.255868667,Pedro Martinez v Pablo Carreno Busta,Pedro Martinez,BACK,2,2,2,DRY_LOSS,Match finished — lost,2026-03-27T14:20:24.221Z,2026-03-27T15:15:33.909Z,-2,true,2,-2
DRY-1774640830086-663,1.255840578,Jiri Lehecka v Arthur Fils,Arthur Fils,BACK,3.45,2,2,BET_PLACED,"Strategy 5: set 1 complete 6-2 (fav @ 2.38 pre-match), back playerB @ 3.45",2026-03-27T19:47:10.086Z,,,true,4.9,-2
DRY-1774640830086-663,1.255840578,Jiri Lehecka v Arthur Fils,Arthur Fils,BACK,3.45,2,2,DRY_LOSS,Match finished — lost,2026-03-27T19:47:10.086Z,2026-03-27T20:09:01.959Z,-2,true,4.9,-2
DRY-1774781922080-3623,1.255958790,Pablo Carreno Busta v Pablo Llamas Ruiz,Pablo Llamas Ruiz,LAY,1.23,2,0.46,BET_PLACED,"Strategy 1: set 1 complete 4-6 (fav @ 2.06 pre-match), back playerB @ 1.23",2026-03-29T10:58:42.080Z,,,true,2,-0.46
DRY-1774782177406-106,1.255982103,Pierre-Hugues Herbert v Lloyd Harris,Lloyd Harris,LAY,1.24,2,0.48,BET_PLACED,"Strategy 1: set 1 complete 4-6 (fav @ 2.04 pre-match), back playerB @ 1.24",2026-03-29T11:02:57.406Z,,,true,2,-0.48
DRY-1774781922080-3623,1.255958790,Pablo Carreno Busta v Pablo Llamas Ruiz,Pablo Llamas Ruiz,LAY,1.23,2,0.46,DRY_LOSS,Match finished — lost,2026-03-29T10:58:42.080Z,2026-03-29T11:15:58.586Z,-0.46,true,2,-0.46
DRY-1774782177406-106,1.255982103,Pierre-Hugues Herbert v Lloyd Harris,Lloyd Harris,LAY,1.24,2,0.48,DRY_LOSS,Match finished — lost,2026-03-29T11:02:57.406Z,2026-03-29T11:21:04.078Z,-0.48,true,2,-0.48
DRY-1775041947294-8822,1.255960302,Vit Kopriva v Hamad Medjedovic,Hamad Medjedovic,LAY,1.21,2,0.42,BET_PLACED,"Strategy 1: set 1 complete 6-7 (fav @ 1.94 pre-match), back playerB @ 1.21",2026-04-01T11:12:27.294Z,,,true,2,-0.42
DRY-1776172478258-8062,1.256639916,Camilo Ugo Carabelli v Karen Khachanov,Camilo Ugo Carabelli,LAY,1.29,2,0.58,BET_PLACED,"Strategy 1: set 1 complete 6-3 (fav @ 1.90 pre-match), back playerA @ 1.29",2026-04-14T13:14:38.258Z,,,true,2,-0.58
DRY-1776172478258-8062,1.256639916,Camilo Ugo Carabelli v Karen Khachanov,Camilo Ugo Carabelli,LAY,1.29,2,0.58,DRY_LOSS,Match finished — lost,2026-04-14T13:14:38.258Z,2026-04-14T13:19:43.617Z,-0.58,true,2,-0.58
DRY-1776185338377-5759,1.256640959,Mariano Navone v Andrey Rublev,Andrey Rublev,LAY,1.3,2,0.6,BET_PLACED,"Strategy 1: set 1 complete 4-6 (fav @ 1.87 pre-match), back playerB @ 1.3",2026-04-14T16:48:58.377Z,,,true,2,-0.6
DRY-1776185638684-3170,1.256716450,Brandon Nakashima v Manuel Cerundolo,Brandon Nakashima,LAY,1.22,2,0.44,BET_PLACED,"Strategy 1: set 1 complete 6-3 (fav @ 2.06 pre-match), back playerA @ 1.22",2026-04-14T16:53:58.684Z,,,true,2,-0.44
DRY-1776190824623-2833,1.256706432,Arthur Fils v Terence Atmane,Arthur Fils,BACK,1.6,2,2,BET_PLACED,"Strategy 2: set 1 complete 4-6 (fav @ 1.21 pre-match), back playerA @ 1.6",2026-04-14T18:20:24.623Z,,,true,1.2,-2
DRY-1776248543847-4140,1.256650951,Oleksandra Oliynykova v Lilli Tagger,Oleksandra Oliynykova,LAY,1.26,2,0.52,BET_PLACED,"Strategy 1: set 1 complete 6-3 (fav @ 2.24 pre-match), back playerA @ 1.26",2026-04-15T10:22:23.847Z,,,true,2,-0.52
DRY-1776254561203-4497,1.256800558,Alex De Minaur v Hamad Medjedovic,Alex De Minaur,BACK,2.16,2,2,BET_PLACED,"Strategy 2: set 1 complete 3-6 (fav @ 1.44 pre-match), back playerA @ 2.16",2026-04-15T12:02:41.203Z,,,true,2.32,-2
DRY-1776334533544-58,1.256860526,Dominika Salkova v Tatjana Maria,Dominika Salkova,BACK,2.12,2,2,BET_PLACED,"Strategy 2: set 1 complete 3-6 (fav @ 1.39 pre-match), back playerA @ 2.12",2026-04-16T10:15:33.544Z,,,true,2.24,-2
DRY-1776334533544-58,1.256860526,Dominika Salkova v Tatjana Maria,Dominika Salkova,BACK,2.12,2,2,DRY_LOSS,Match finished — lost,2026-04-16T10:15:33.544Z,2026-04-16T10:36:15.121Z,-2,true,2.24,-2
DRY-1776337692589-1495,1.256806161,Karolina Muchova v Elise Mertens,Elise Mertens,LAY,1.29,2,0.58,BET_PLACED,"Strategy 1: set 1 complete 1-6 (fav @ 2.02 pre-match), back playerB @ 1.29",2026-04-16T11:08:12.589Z,,,true,2,-0.58
DRY-1776337692589-1495,1.256806161,Karolina Muchova v Elise Mertens,Elise Mertens,LAY,1.29,2,0.58,DRY_WIN,Match finished — won,2026-04-16T11:08:12.589Z,2026-04-16T12:16:52.855Z,2,true,2,-0.58
DRY-1776352887862-8888,1.256856054,Denis Shapovalov v Fabian Marozsan,Denis Shapovalov,LAY,1.25,2,0.5,BET_PLACED,"Strategy 1: set 1 complete 7-6 (fav @ 1.85 pre-match), back playerA @ 1.25",2026-04-16T15:21:27.862Z,,,true,2,-0.5
DRY-1776352887862-8888,1.256856054,Denis Shapovalov v Fabian Marozsan,Denis Shapovalov,LAY,1.25,2,0.5,DRY_LOSS,Match finished — lost,2026-04-16T15:21:27.862Z,2026-04-16T15:34:33.811Z,-0.5,true,2,-0.5
DRY-1776364544345-804,1.256857891,Anna Bondar v Oleksandra Oliynykova,Anna Bondar,LAY,1.2,2,0.4,BET_PLACED,"Strategy 1: set 1 complete 6-0 (fav @ 2.10 pre-match), back playerA @ 1.2",2026-04-16T18:35:44.345Z,,,true,2,-0.4
DRY-1776364544345-804,1.256857891,Anna Bondar v Oleksandra Oliynykova,Anna Bondar,LAY,1.2,2,0.4,TRADE_OUT,Set 2 result hedge,2026-04-16T18:35:44.345Z,2026-04-16T19:28:04.693Z,-0.03,true,2,-0.4
DRY-1776435633305-1568,1.256915300,Karolina Muchova v Coco Gauff,Coco Gauff,BACK,1.65,2,2,BET_PLACED,"Strategy 2: set 1 complete 6-3 (fav @ 1.65 pre-match), back playerB @ 1.65",2026-04-17T14:20:33.305Z,,,true,1.3,-2
DRY-1776437325731-3445,1.256916820,Arthur Fils v Lorenzo Musetti,Arthur Fils,LAY,1.28,2,0.56,BET_PLACED,"Strategy 1: set 1 complete 6-3 (fav @ 2.20 pre-match), back playerA @ 1.28",2026-04-17T14:48:45.731Z,,,true,2,-0.56
DRY-1776435633305-1568,1.256915300,Karolina Muchova v Coco Gauff,Coco Gauff,BACK,1.65,2,2,DRY_LOSS,Match finished — lost,2026-04-17T14:20:33.305Z,2026-04-17T15:00:56.709Z,-2,true,1.3,-2
DRY-1776437325731-3445,1.256916820,Arthur Fils v Lorenzo Musetti,Arthur Fils,LAY,1.28,2,0.56,DRY_LOSS,Match finished — lost,2026-04-17T14:48:45.731Z,2026-04-17T15:24:03.530Z,-0.56,true,2,-0.56
DRY-1776602127325-8793,1.257003442,Valentin Royer v Roman Safiullin,Roman Safiullin,LAY,1.26,2,0.52,BET_PLACED,"Strategy 1: set 1 complete 1-6 (fav @ 1.99 pre-match), back playerB @ 1.26",2026-04-19T12:35:27.325Z,,,true,2,-0.52
DRY-1776602808139-8213,1.257000909,Flavio Cobolli v Ben Shelton,Ben Shelton,LAY,1.2,2,0.4,BET_PLACED,"Strategy 1: set 1 complete 2-6 (fav @ 2.00 pre-match), back playerB @ 1.2",2026-04-19T12:46:48.139Z,,,true,2,-0.4
DRY-1776873550094-5558,1.257176620,Karolina Pliskova v Sinja Kraus,Sinja Kraus,LAY,1.22,2,0.44,BET_PLACED,"Strategy 1: set 1 complete 2-6 (fav @ 1.95 pre-match), back playerB @ 1.22",2026-04-22T15:59:10.094Z,,,true,2,-0.44
